[{"date":"2020-07-17", "student_id":1, "status":"Present"},
 {"date":"2020-07-18", "student_id":1, "status":"Absent"},
 {"date":"2020-07-17", "student_id":2, "status":"Present"},
 {"date":"2020-07-18", "student_id":2, "status":"Present"},
 {"date":"2020-07-17", "student_id":3, "status":"Absent"},
 {"date":"2020-07-18", "student_id":3, "status":"Absent"},
 {"date":"2020-07-17", "student_id":4, "status":"Absent"},
 {"date":"2020-07-18", "student_id":4, "status":"Present"},
 {"date":"2020-07-17", "student_id":5, "status":"Present"},
 {"date":"2020-07-18", "student_id":5, "status":"Present"},
 {"date":"2020-07-17", "student_id":6, "status":"Present"},
 {"date":"2020-07-18", "student_id":6, "status":"Absent"}]