[{"course_id":110, "course_name":"English 1", "course_description":"Punjab Textbook Board", "teacher_id":103, "grade":1},
 {"course_id":111, "course_name":"Urdu 1", "course_description":"Punjab Textbook Board", "teacher_id":100, "grade":1},
 {"course_id":112, "course_name":"Maths 1", "course_description":"Federal Board", "teacher_id":104, "grade":1},
 {"course_id":113, "course_name":"Science 1", "course_description":"Federal Board", "teacher_id":101, "grade":1},
 {"course_id":114, "course_name":"Islamiyat 1", "course_description":"Punjab Textbook Board", "teacher_id":100, "grade":1},
 {"course_id":220, "course_name":"English 2", "course_description":"Punjab Textbook Board", "teacher_id":103, "grade":2},
 {"course_id":221, "course_name":"Urdu 2", "course_description":"Punjab Textbook Board", "teacher_id":100, "grade":2},
 {"course_id":222, "course_name":"Maths 2", "course_description":"Federal Board", "teacher_id":104, "grade":2},
 {"course_id":223, "course_name":"Science 2", "course_description":"Federal Board", "teacher_id":101, "grade":2},
 {"course_id":224, "course_name":"Islamiyat 2", "course_description":"Punjab Textbook Board", "teacher_id":100, "grade":2},
 {"course_id":330, "course_name":"English 3", "course_description":"Punjab Textbook Board", "teacher_id":103, "grade":3},
 {"course_id":331, "course_name":"Urdu 3", "course_description":"Punjab Textbook Board", "teacher_id":100, "grade":3},
 {"course_id":332, "course_name":"Maths 3", "course_description":"Federal Board", "teacher_id":104, "grade":3},
 {"course_id":333, "course_name":"Science 3", "course_description":"Federal Board", "teacher_id":101, "grade":3},
 {"course_id":334, "course_name":"Islamiyat", "course_description":"Punjab Textbook Board", "teacher_id":100, "grade":3}]