[{"exam_id":99, "student_id":1, "course_id":110, "percentage":"90"},
 {"exam_id":99, "student_id":1, "course_id":111, "percentage":"89"},
 {"exam_id":99, "student_id":1, "course_id":114, "percentage":"95"},
 {"exam_id":99, "student_id":1, "course_id":112, "percentage":"70"},
 {"exam_id":99, "student_id":1, "course_id":113, "percentage":"80"},
 {"exam_id":99, "student_id":2, "course_id":220, "percentage":"98"},
 {"exam_id":99, "student_id":2, "course_id":221, "percentage":"82"},
 {"exam_id":99, "student_id":2, "course_id":224, "percentage":"87"},
 {"exam_id":99, "student_id":2, "course_id":222, "percentage":"90"},
 {"exam_id":99, "student_id":2, "course_id":223, "percentage":"70"},
 {"exam_id":99, "student_id":3, "course_id":220, "percentage":"20"},
 {"exam_id":99, "student_id":3, "course_id":221, "percentage":"10"},
 {"exam_id":99, "student_id":3, "course_id":222, "percentage":"50"},
 {"exam_id":99, "student_id":3, "course_id":223, "percentage":"25"},
 {"exam_id":99, "student_id":3, "course_id":224, "percentage":"78"},
 {"exam_id":99, "student_id":4, "course_id":220, "percentage":"56"},
 {"exam_id":99, "student_id":4, "course_id":221, "percentage":"27"},
 {"exam_id":99, "student_id":4, "course_id":222, "percentage":"24"},
 {"exam_id":99, "student_id":4, "course_id":223, "percentage":"19"},
 {"exam_id":99, "student_id":4, "course_id":224, "percentage":"59"},
 {"exam_id":99, "student_id":5, "course_id":330, "percentage":"79"},
 {"exam_id":99, "student_id":5, "course_id":331, "percentage":"55"},
 {"exam_id":99, "student_id":5, "course_id":332, "percentage":"87"},
 {"exam_id":99, "student_id":5, "course_id":333, "percentage":"89"},
 {"exam_id":99, "student_id":5, "course_id":334, "percentage":"50"},
 {"exam_id":99, "student_id":6, "course_id":110, "percentage":"88"},
 {"exam_id":99, "student_id":6, "course_id":331, "percentage":"78"},
 {"exam_id":99, "student_id":6, "course_id":332, "percentage":"59"},
 {"exam_id":99, "student_id":6, "course_id":333, "percentage":"40"},
 {"exam_id":99, "student_id":6, "course_id":334, "percentage":"57"}]