[{"fname":"Asif", "lname":"Khan", "dob":"1980-03-06", "phone":51100100, "mobile":3100100, "course_name":"Urdu 1", "course_description":"Punjab Textbook Board"},
 {"fname":"Asif", "lname":"Khan", "dob":"1980-03-06", "phone":51100100, "mobile":3100100, "course_name":"Islamiyat 1", "course_description":"Punjab Textbook Board"},
 {"fname":"Asif", "lname":"Khan", "dob":"1980-03-06", "phone":51100100, "mobile":3100100, "course_name":"Urdu 2", "course_description":"Punjab Textbook Board"},
 {"fname":"Asif", "lname":"Khan", "dob":"1980-03-06", "phone":51100100, "mobile":3100100, "course_name":"Islamiyat 2", "course_description":"Punjab Textbook Board"},
 {"fname":"Asif", "lname":"Khan", "dob":"1980-03-06", "phone":51100100, "mobile":3100100, "course_name":"Urdu 3", "course_description":"Punjab Textbook Board"},
 {"fname":"Asif", "lname":"Khan", "dob":"1980-03-06", "phone":51100100, "mobile":3100100, "course_name":"Islamiyat", "course_description":"Punjab Textbook Board"},
 {"fname":"Sadia ", "lname":"Sultan", "dob":"1990-02-09", "phone":51101101, "mobile":3101101, "course_name":"Science 1", "course_description":"Federal Board"},
 {"fname":"Sadia ", "lname":"Sultan", "dob":"1990-02-09", "phone":51101101, "mobile":3101101, "course_name":"Science 2", "course_description":"Federal Board"},
 {"fname":"Sadia ", "lname":"Sultan", "dob":"1990-02-09", "phone":51101101, "mobile":3101101, "course_name":"Science 3", "course_description":"Federal Board"},
 {"fname":"Haroon", "lname":"Rasheed", "dob":"1989-04-02", "phone":51103103, "mobile":3103103, "course_name":"English 1", "course_description":"Punjab Textbook Board"},
 {"fname":"Haroon", "lname":"Rasheed", "dob":"1989-04-02", "phone":51103103, "mobile":3103103, "course_name":"English 2", "course_description":"Punjab Textbook Board"},
 {"fname":"Haroon", "lname":"Rasheed", "dob":"1989-04-02", "phone":51103103, "mobile":3103103, "course_name":"English 3", "course_description":"Punjab Textbook Board"},
 {"fname":"Tabinda", "lname":"Naz", "dob":"1980-04-02", "phone":51104104, "mobile":3104104, "course_name":"Maths 1", "course_description":"Federal Board"},
 {"fname":"Tabinda", "lname":"Naz", "dob":"1980-04-02", "phone":51104104, "mobile":3104104, "course_name":"Maths 2", "course_description":"Federal Board"},
 {"fname":"Tabinda", "lname":"Naz", "dob":"1980-04-02", "phone":51104104, "mobile":3104104, "course_name":"Maths 3", "course_description":"Federal Board"}]